stop,delay_min
S3,2.115873621430975
S1,2.0986208168678226
S5,2.0828252240750618
S2,2.0669461509597724
S4,2.0224763815386937
